label	what	cause	date
moe-dsl-kernel-overlay	Three successive failures. First, the patched kernel path was dead code: the backend is gated to device family 100 and never instantiates on sm_121, so an apparent -4 ms TPOT delta was run-to-run noise. Second, after re-hooking the class the deployment selects, every call failed a static eligibility check (the model's SwiGLU clamp limit) and silently fell back to stock: 256 calls, zero dispatches. Third, a host-side cute.make_layout call raised a TypeError at first use.	Instrumented, then fixed or abandoned each time; the overlay is not in the released config.	2026-09-15
fp8-dense	FP8-quantized dense linear variants ran slower than W4A16 NVFP4 on this stack.	Measured slower; not adopted.	2026-09-15
mtp-k-ge-3	K=3 gave 19.39 tok/s and K=4 gave 17.44 tok/s vs K=2's 19.83 on an earlier requant route (sockets, pair 1); on stock, K=4 gave 15.2 and K=5 gave 13.1.	Per-position acceptance drops more quickly than the extra draft tokens save steps. K=2 was the best of the K values measured on this route; on route h + RDMA a first sweep-A pass measured K=1 at 34.28 and K=3 at 31.98 tok/s, and the full same-checkpoint sweep in both K orders is still pending.	2026-09-16
ep-off	Removing --enable-expert-parallel gained ~0.7%.	Inside the pair-to-pair offset; not a lever.	2026-09-15
eager-mode	--enforce-eager is ~10 ms/step faster on the stock single-stream step, but the gain mostly does not carry into MTP decode.	The step it speeds up is not the step speculation runs. Not adopted.	2026-09-15
k4-k5-boot-oom	K=4/K=5 failed to boot for the route-h checkpoint at these memory settings (128 GB unified memory); the stock checkpoint booted both. One K=4 attempt was killed externally by an orphaned pipeline's timeout cleanup; the genuine cause: the Ray memory monitor's default 95% threshold OOM-killed the worker right after speculator CUDA-graph capture, and at K=5 the capture took 103 s and 3.03 GiB, leaving 0.89 GiB of KV cache where 0.92 GiB was required.	Memory accounting and capture cost scale with K; the fix direction is a smaller drafter, not bigger K.	2026-09-15
requant-loader-write	A fused-KDA write missing the NVFP4 global scale produced KeyError ...weight_scale_2 at load.	Writer bug; now covered by verify.py config and the kda-quant overlay.	2026-09-15
nccl-ll-symm-ar	NCCL low-latency envs and symmetric-memory all-reduce booted but returned empty response bodies or died under concurrency.	Broken output path; unsafe, not adopted.	2026-09-15
ev-ordering	The expensive drafter-training data chain (extraction, two generation passes, conversion; ~5 h of wall time on the 2-GPU pair, ~10 GPU-hours) was queued ahead of the cheap K sweep; the trained drafter's holdout top-1 came out ~0.08, and the sweep showed K=2 was already the best of the measured values.	Sequenced by pipeline momentum instead of expected information per GPU-hour.	2026-09-15
